{
  "tickers": [
    "AAPL",
    "DUK",
    "GOOGL",
    "MDT",
    "MMC",
    "MO",
    "PEP",
    "PFE",
    "UNP",
    "WMT"
  ],
  "portfolio": "0.10*AAPL + 0.10*DUK + 0.10*GOOGL + 0.10*MDT + 0.10*MMC + 0.10*MO + 0.10*PEP + 0.10*PFE + 0.10*UNP + 0.10*WMT",
  "seed": 13,
  "metrics": {
    "Kupicks POF": 0.2718511915244116,
    "Haas TBF": 0.09976149165369098,
    "Christoffersen Test": 0.7865103088219912,
    "Kupicks Test": 0.2718511915244116,
    "Acerbi Szekely 1": 2.0238120555877686,
    "Acerbi Szekely 2": 0.00010195525828748941
  },
  "timegrad": {
    "loss_curve": [
      0.9585974216461182,
      0.8105815822879473,
      0.750145934522152,
      0.7589879383643469,
      0.744392973681291,
      0.7421017537514368,
      0.7063764743506908,
      0.7305187955498695,
      0.7242528162896633,
      0.7713859503467878,
      0.7385452960928282,
      0.7585023964444796,
      0.7611374606688818,
      0.7310377036531767,
      0.7276374759773413,
      0.7667417700091997,
      0.7339069098234177,
      0.7584962323307991,
      0.7590173482894897,
      0.6753953198591868,
      0.7413959788779417,
      0.7224216585357984,
      0.7131672874093056,
      0.7050848975777626,
      0.6983906378348669,
      0.7087270791331927,
      0.677914448082447,
      0.7325205728411674,
      0.68604643146197,
      0.7159741347034773,
      0.6850407632688681,
      0.7313403487205505,
      0.6971840858459473,
      0.6998712420463562,
      0.6900611259043217,
      0.7191180822749933,
      0.6966541583339373,
      0.7102690463264784,
      0.715465913216273,
      0.7211881180604299,
      0.7378978555401167,
      0.666863481203715,
      0.7068729301293691,
      0.7075162045657635,
      0.6710893114407858,
      0.7092916915814081,
      0.7093852795660496,
      0.6979984988768896,
      0.7068891003727913,
      0.6770083506902059
    ]
  },
  "repeat": 1,
  "alpha": 0.01,
  "dimension": "univariate",
  "method": "timegrad",
  "checkpoint": "results/checkpoints/univariate_timegrad_1pct/repeat_1.pt"
}