{
  "tickers": [
    "COST",
    "CVX",
    "HON",
    "INTC",
    "LLY",
    "LOW",
    "MDT",
    "NKE",
    "TJX",
    "UNH"
  ],
  "portfolio": "0.10*COST + 0.10*CVX + 0.10*HON + 0.10*INTC + 0.10*LLY + 0.10*LOW + 0.10*MDT + 0.10*NKE + 0.10*TJX + 0.10*UNH",
  "seed": 12,
  "metrics": {
    "Kupicks POF": 0.6091126130523119,
    "Haas TBF": 0.14070081356867678,
    "Christoffersen Test": 0.7472801345191533,
    "Kupicks Test": 0.6091126130523119,
    "Acerbi Szekely 1": 2.0216033458709717,
    "Acerbi Szekely 2": 0.00015276597696356475
  },
  "timegrad": {
    "loss_curve": [
      0.9317690581083298,
      0.8615716348091761,
      0.8112879196802775,
      0.7388338893651962,
      0.7457272261381149,
      0.7361976827184359,
      0.7554471666614214,
      0.7179346059759458,
      0.7768388638893763,
      0.7252996663252512,
      0.7217701897025108,
      0.712619331975778,
      0.7099434981743494,
      0.7120034322142601,
      0.7053947399059931,
      0.6915757954120636,
      0.7052864407499632,
      0.7125231698155403,
      0.6816000491380692,
      0.721451905866464,
      0.721800816555818,
      0.7095450758934021,
      0.7037532155712446,
      0.7000892361005148,
      0.6839690531293551,
      0.6747406249245008,
      0.7178635721405348,
      0.7291827499866486,
      0.6891124794880549,
      0.7243591174483299,
      0.6976704001426697,
      0.6783611724774042,
      0.7147306551535925,
      0.6965501209100088,
      0.6823586647709211,
      0.7270409266153971,
      0.7040858169396719,
      0.6945744231343269,
      0.6412803642451763,
      0.7205749998490015,
      0.7075402686993281,
      0.7225708924233913,
      0.6501293691496054,
      0.6852307717005411,
      0.715275747080644,
      0.7030936156709989,
      0.694802721341451,
      0.6477886239687601,
      0.6829954187075297,
      0.6820363327860832
    ]
  },
  "repeat": 0,
  "alpha": 0.01,
  "dimension": "univariate",
  "method": "timegrad",
  "checkpoint": "results/checkpoints/univariate_timegrad_1pct/repeat_0.pt"
}